<?xml version="1.0" encoding="UTF-8"?>

<entries>
<lexEntry nextId="1" currentVersion="0" id="53f4832e30043098c7e1aad2">
    <versions>
        <version creatorRole="ADMIN_5" id="0" status="NEW_ENTRY" timeStamp="1408533294392" verification="ACCEPTED">
            <fields>
                <entry>
                    <key>DAspect</key>
                    <value>-</value>
                </entry>
                <entry>
                    <key>RType</key>
                    <value>noun</value>
                </entry>
                <entry>
                    <key>DLemma</key>
                    <value>Lauf</value>
                </entry>
                <entry>
                    <key>DSingular</key>
                    <value>Lauf</value>
                </entry>
                <entry>
                    <key>DGender</key>
                    <value>maskuline</value>
                </entry>
                <entry>
                    <key>DType</key>
                    <value>noun</value>
                </entry>
                <entry>
                    <key>RAspect</key>
                    <value>-</value>
                </entry>
                <entry>
                    <key>RGender</key>
                    <value>masculine</value>
                </entry>
                <entry>
                    <key>RSingular</key>
                    <value>бег</value>
                </entry>
                <entry>
                    <key>DPlural</key>
                    <value>Läufe</value>
                </entry>
                <entry>
                    <key>RLemma</key>
                    <value>бег</value>
                </entry>
                <entry>
                    <key>RPlural</key>
                    <value>бега</value>
                </entry>
            </fields>
            <userId>admin</userId>
        </version>
    </versions>
</lexEntry>
<lexEntry nextId="1" currentVersion="0" id="53f4832e30043098c7e1aad3">
    <versions>
        <version creatorRole="ADMIN_5" id="0" status="NEW_ENTRY" timeStamp="1408533294393" verification="ACCEPTED">
            <fields>
                <entry>
                    <key>DAspect</key>
                    <value>-</value>
                </entry>
                <entry>
                    <key>RType</key>
                    <value>verb</value>
                </entry>
                <entry>
                    <key>DLemma</key>
                    <value>laufen</value>
                </entry>
                <entry>
                    <key>DSingular</key>
                    <value>-</value>
                </entry>
                <entry>
                    <key>DGender</key>
                    <value>-</value>
                </entry>
                <entry>
                    <key>DType</key>
                    <value>verb</value>
                </entry>
                <entry>
                    <key>RAspect</key>
                    <value>несоверш.в</value>
                </entry>
                <entry>
                    <key>RGender</key>
                    <value>-</value>
                </entry>
                <entry>
                    <key>RSingular</key>
                    <value>-</value>
                </entry>
                <entry>
                    <key>DPlural</key>
                    <value>-</value>
                </entry>
                <entry>
                    <key>RLemma</key>
                    <value>бегать</value>
                </entry>
                <entry>
                    <key>RPlural</key>
                    <value>-</value>
                </entry>
            </fields>
            <userId>admin</userId>
        </version>
    </versions>
</lexEntry>
<lexEntry nextId="1" currentVersion="0" id="53f4832e30043098c7e1aad4">
    <versions>
        <version creatorRole="ADMIN_5" id="0" status="NEW_ENTRY" timeStamp="1408533294393" verification="ACCEPTED">
            <fields>
                <entry>
                    <key>DAspect</key>
                    <value>-</value>
                </entry>
                <entry>
                    <key>RType</key>
                    <value>verb</value>
                </entry>
                <entry>
                    <key>DLemma</key>
                    <value>laufen</value>
                </entry>
                <entry>
                    <key>DSingular</key>
                    <value>-</value>
                </entry>
                <entry>
                    <key>DGender</key>
                    <value>-</value>
                </entry>
                <entry>
                    <key>DType</key>
                    <value>verb</value>
                </entry>
                <entry>
                    <key>RAspect</key>
                    <value>соверш.в</value>
                </entry>
                <entry>
                    <key>RGender</key>
                    <value>-</value>
                </entry>
                <entry>
                    <key>RSingular</key>
                    <value>-</value>
                </entry>
                <entry>
                    <key>DPlural</key>
                    <value>-</value>
                </entry>
                <entry>
                    <key>RLemma</key>
                    <value>бежать</value>
                </entry>
                <entry>
                    <key>RPlural</key>
                    <value>-</value>
                </entry>
            </fields>
            <userId>admin</userId>
        </version>
    </versions>
</lexEntry>
<lexEntry nextId="1" currentVersion="0" id="53f4832e30043098c7e1aad5">
    <versions>
        <version creatorRole="ADMIN_5" id="0" status="NEW_ENTRY" timeStamp="1408533294393" verification="ACCEPTED">
            <fields>
                <entry>
                    <key>DAspect</key>
                    <value>-</value>
                </entry>
                <entry>
                    <key>RType</key>
                    <value>adverb</value>
                </entry>
                <entry>
                    <key>DLemma</key>
                    <value>laufend</value>
                </entry>
                <entry>
                    <key>DSingular</key>
                    <value>-</value>
                </entry>
                <entry>
                    <key>DGender</key>
                    <value>-</value>
                </entry>
                <entry>
                    <key>DType</key>
                    <value>adverb</value>
                </entry>
                <entry>
                    <key>RAspect</key>
                    <value>-</value>
                </entry>
                <entry>
                    <key>RGender</key>
                    <value>-</value>
                </entry>
                <entry>
                    <key>RSingular</key>
                    <value>-</value>
                </entry>
                <entry>
                    <key>DPlural</key>
                    <value>-</value>
                </entry>
                <entry>
                    <key>RLemma</key>
                    <value>постоянный</value>
                </entry>
                <entry>
                    <key>RPlural</key>
                    <value>-</value>
                </entry>
            </fields>
            <userId>admin</userId>
        </version>
    </versions>
</lexEntry>
<lexEntry nextId="1" currentVersion="0" id="53f4832e30043098c7e1aad6">
    <versions>
        <version creatorRole="ADMIN_5" id="0" status="NEW_ENTRY" timeStamp="1408533294394" verification="ACCEPTED">
            <fields>
                <entry>
                    <key>DAspect</key>
                    <value>-</value>
                </entry>
                <entry>
                    <key>RType</key>
                    <value>adjective</value>
                </entry>
                <entry>
                    <key>DLemma</key>
                    <value>entlaufen</value>
                </entry>
                <entry>
                    <key>DSingular</key>
                    <value>-</value>
                </entry>
                <entry>
                    <key>DGender</key>
                    <value>-</value>
                </entry>
                <entry>
                    <key>DType</key>
                    <value>adjective</value>
                </entry>
                <entry>
                    <key>RAspect</key>
                    <value>-</value>
                </entry>
                <entry>
                    <key>RGender</key>
                    <value>-</value>
                </entry>
                <entry>
                    <key>RSingular</key>
                    <value>-</value>
                </entry>
                <entry>
                    <key>DPlural</key>
                    <value>-</value>
                </entry>
                <entry>
                    <key>RLemma</key>
                    <value>беглый</value>
                </entry>
                <entry>
                    <key>RPlural</key>
                    <value>-</value>
                </entry>
            </fields>
            <userId>admin</userId>
        </version>
    </versions>
</lexEntry>
<lexEntry nextId="1" currentVersion="0" id="53f4832e30043098c7e1aad7">
    <versions>
        <version creatorRole="ADMIN_5" id="0" status="NEW_ENTRY" timeStamp="1408533294394" verification="ACCEPTED">
            <fields>
                <entry>
                    <key>DAspect</key>
                    <value>-</value>
                </entry>
                <entry>
                    <key>RType</key>
                    <value>adjective</value>
                </entry>
                <entry>
                    <key>DGender</key>
                    <value>-</value>
                </entry>
                <entry>
                    <key>DType</key>
                    <value>adjective</value>
                </entry>
                <entry>
                    <key>RGender</key>
                    <value>-</value>
                </entry>
                <entry>
                    <key>RSingular</key>
                    <value>-</value>
                </entry>
                <entry>
                    <key>DLemma</key>
                    <value>bitter</value>
                </entry>
                <entry>
                    <key>DPlural</key>
                    <value>-</value>
                </entry>
                <entry>
                    <key>RLemma</key>
                    <value>го́рький</value>
                </entry>
                <entry>
                    <key>RPlural</key>
                    <value>-</value>
                </entry>
                <entry>
                    <key>DSingular</key>
                    <value>-</value>
                </entry>
            </fields>
            <userId>admin</userId>
        </version>
    </versions>
</lexEntry>
<lexEntry nextId="1" currentVersion="0" id="53f4832e30043098c7e1aad8">
    <versions>
        <version creatorRole="ADMIN_5" id="0" status="NEW_ENTRY" timeStamp="1408533294394" verification="ACCEPTED">
            <fields>
                <entry>
                    <key>DAspect</key>
                    <value>-</value>
                </entry>
                <entry>
                    <key>RType</key>
                    <value>adjective</value>
                </entry>
                <entry>
                    <key>DGender</key>
                    <value>-</value>
                </entry>
                <entry>
                    <key>DType</key>
                    <value>adjective</value>
                </entry>
                <entry>
                    <key>RGender</key>
                    <value>-</value>
                </entry>
                <entry>
                    <key>RSingular</key>
                    <value>-</value>
                </entry>
                <entry>
                    <key>DLemma</key>
                    <value>leicht</value>
                </entry>
                <entry>
                    <key>DPlural</key>
                    <value>-</value>
                </entry>
                <entry>
                    <key>RLemma</key>
                    <value>лёгкий</value>
                </entry>
                <entry>
                    <key>RPlural</key>
                    <value>-</value>
                </entry>
                <entry>
                    <key>DSingular</key>
                    <value>-</value>
                </entry>
            </fields>
            <userId>admin</userId>
        </version>
    </versions>
</lexEntry>
<lexEntry nextId="1" currentVersion="0" id="53f4832e30043098c7e1aad9">
    <versions>
        <version creatorRole="ADMIN_5" id="0" status="NEW_ENTRY" timeStamp="1408533294394" verification="ACCEPTED">
            <fields>
                <entry>
                    <key>DAspect</key>
                    <value>-</value>
                </entry>
                <entry>
                    <key>RType</key>
                    <value>adjective</value>
                </entry>
                <entry>
                    <key>DGender</key>
                    <value>-</value>
                </entry>
                <entry>
                    <key>DType</key>
                    <value>adjective</value>
                </entry>
                <entry>
                    <key>RGender</key>
                    <value>-</value>
                </entry>
                <entry>
                    <key>RSingular</key>
                    <value>-</value>
                </entry>
                <entry>
                    <key>DLemma</key>
                    <value>famos</value>
                </entry>
                <entry>
                    <key>DPlural</key>
                    <value>-</value>
                </entry>
                <entry>
                    <key>RLemma</key>
                    <value>отличный</value>
                </entry>
                <entry>
                    <key>RPlural</key>
                    <value>-</value>
                </entry>
                <entry>
                    <key>DSingular</key>
                    <value>-</value>
                </entry>
            </fields>
            <userId>admin</userId>
        </version>
    </versions>
</lexEntry>
<lexEntry nextId="1" currentVersion="0" id="53f4832e30043098c7e1aada">
    <versions>
        <version creatorRole="ADMIN_5" id="0" status="NEW_ENTRY" timeStamp="1408533294394" verification="ACCEPTED">
            <fields>
                <entry>
                    <key>DAspect</key>
                    <value>-</value>
                </entry>
                <entry>
                    <key>RType</key>
                    <value>adjective</value>
                </entry>
                <entry>
                    <key>DGender</key>
                    <value>-</value>
                </entry>
                <entry>
                    <key>DType</key>
                    <value>adjective</value>
                </entry>
                <entry>
                    <key>RGender</key>
                    <value>-</value>
                </entry>
                <entry>
                    <key>RSingular</key>
                    <value>-</value>
                </entry>
                <entry>
                    <key>DLemma</key>
                    <value>rigoros</value>
                </entry>
                <entry>
                    <key>DPlural</key>
                    <value>-</value>
                </entry>
                <entry>
                    <key>RLemma</key>
                    <value>строгий</value>
                </entry>
                <entry>
                    <key>RPlural</key>
                    <value>-</value>
                </entry>
                <entry>
                    <key>DSingular</key>
                    <value>-</value>
                </entry>
            </fields>
            <userId>admin</userId>
        </version>
    </versions>
</lexEntry>
<lexEntry nextId="1" currentVersion="0" id="53f4832e30043098c7e1aadb">
    <versions>
        <version creatorRole="ADMIN_5" id="0" status="NEW_ENTRY" timeStamp="1408533294394" verification="ACCEPTED">
            <fields>
                <entry>
                    <key>DAspect</key>
                    <value>-</value>
                </entry>
                <entry>
                    <key>RType</key>
                    <value>adjective</value>
                </entry>
                <entry>
                    <key>DGender</key>
                    <value>-</value>
                </entry>
                <entry>
                    <key>DType</key>
                    <value>adjective</value>
                </entry>
                <entry>
                    <key>RGender</key>
                    <value>-</value>
                </entry>
                <entry>
                    <key>RSingular</key>
                    <value>-</value>
                </entry>
                <entry>
                    <key>DLemma</key>
                    <value>schön</value>
                </entry>
                <entry>
                    <key>DPlural</key>
                    <value>-</value>
                </entry>
                <entry>
                    <key>RLemma</key>
                    <value>красивый</value>
                </entry>
                <entry>
                    <key>RPlural</key>
                    <value>-</value>
                </entry>
                <entry>
                    <key>DSingular</key>
                    <value>-</value>
                </entry>
            </fields>
            <userId>admin</userId>
        </version>
    </versions>
</lexEntry>
<lexEntry nextId="1" currentVersion="0" id="53f4832e30043098c7e1aadc">
    <versions>
        <version creatorRole="ADMIN_5" id="0" status="NEW_ENTRY" timeStamp="1408533294394" verification="ACCEPTED">
            <fields>
                <entry>
                    <key>DAspect</key>
                    <value>-</value>
                </entry>
                <entry>
                    <key>RType</key>
                    <value>adjective</value>
                </entry>
                <entry>
                    <key>DGender</key>
                    <value>-</value>
                </entry>
                <entry>
                    <key>DType</key>
                    <value>adjective</value>
                </entry>
                <entry>
                    <key>RGender</key>
                    <value>-</value>
                </entry>
                <entry>
                    <key>RSingular</key>
                    <value>-</value>
                </entry>
                <entry>
                    <key>DLemma</key>
                    <value>majestätisch</value>
                </entry>
                <entry>
                    <key>DPlural</key>
                    <value>-</value>
                </entry>
                <entry>
                    <key>RLemma</key>
                    <value>величественный</value>
                </entry>
                <entry>
                    <key>RPlural</key>
                    <value>-</value>
                </entry>
                <entry>
                    <key>DSingular</key>
                    <value>-</value>
                </entry>
            </fields>
            <userId>admin</userId>
        </version>
    </versions>
</lexEntry>
<lexEntry nextId="1" currentVersion="0" id="53f4832e30043098c7e1aadd">
    <versions>
        <version creatorRole="ADMIN_5" id="0" status="NEW_ENTRY" timeStamp="1408533294394" verification="ACCEPTED">
            <fields>
                <entry>
                    <key>DAspect</key>
                    <value>-</value>
                </entry>
                <entry>
                    <key>RType</key>
                    <value>adjective</value>
                </entry>
                <entry>
                    <key>DGender</key>
                    <value>-</value>
                </entry>
                <entry>
                    <key>DType</key>
                    <value>adjective</value>
                </entry>
                <entry>
                    <key>RGender</key>
                    <value>-</value>
                </entry>
                <entry>
                    <key>RSingular</key>
                    <value>-</value>
                </entry>
                <entry>
                    <key>DLemma</key>
                    <value>komisch (lächerlich)</value>
                </entry>
                <entry>
                    <key>DPlural</key>
                    <value>-</value>
                </entry>
                <entry>
                    <key>RLemma</key>
                    <value>забавный</value>
                </entry>
                <entry>
                    <key>RPlural</key>
                    <value>-</value>
                </entry>
                <entry>
                    <key>DSingular</key>
                    <value>-</value>
                </entry>
            </fields>
            <userId>admin</userId>
        </version>
    </versions>
</lexEntry>
<lexEntry nextId="1" currentVersion="0" id="53f4832e30043098c7e1aade">
    <versions>
        <version creatorRole="ADMIN_5" id="0" status="NEW_ENTRY" timeStamp="1408533294394" verification="ACCEPTED">
            <fields>
                <entry>
                    <key>DAspect</key>
                    <value>-</value>
                </entry>
                <entry>
                    <key>RType</key>
                    <value>adjective</value>
                </entry>
                <entry>
                    <key>DGender</key>
                    <value>-</value>
                </entry>
                <entry>
                    <key>DType</key>
                    <value>adjective</value>
                </entry>
                <entry>
                    <key>RGender</key>
                    <value>-</value>
                </entry>
                <entry>
                    <key>RSingular</key>
                    <value>-</value>
                </entry>
                <entry>
                    <key>DLemma</key>
                    <value>laut</value>
                </entry>
                <entry>
                    <key>DPlural</key>
                    <value>-</value>
                </entry>
                <entry>
                    <key>RLemma</key>
                    <value>шумный</value>
                </entry>
                <entry>
                    <key>RPlural</key>
                    <value>-</value>
                </entry>
                <entry>
                    <key>DSingular</key>
                    <value>-</value>
                </entry>
            </fields>
            <userId>admin</userId>
        </version>
    </versions>
</lexEntry>
<lexEntry nextId="1" currentVersion="0" id="53f4832e30043098c7e1aadf">
    <versions>
        <version creatorRole="ADMIN_5" id="0" status="NEW_ENTRY" timeStamp="1408533294394" verification="ACCEPTED">
            <fields>
                <entry>
                    <key>DAspect</key>
                    <value>-</value>
                </entry>
                <entry>
                    <key>RType</key>
                    <value>adjective</value>
                </entry>
                <entry>
                    <key>DGender</key>
                    <value>-</value>
                </entry>
                <entry>
                    <key>DType</key>
                    <value>adjective</value>
                </entry>
                <entry>
                    <key>RGender</key>
                    <value>-</value>
                </entry>
                <entry>
                    <key>RSingular</key>
                    <value>-</value>
                </entry>
                <entry>
                    <key>DLemma</key>
                    <value>gelb</value>
                </entry>
                <entry>
                    <key>DPlural</key>
                    <value>-</value>
                </entry>
                <entry>
                    <key>RLemma</key>
                    <value>жёлтый</value>
                </entry>
                <entry>
                    <key>RPlural</key>
                    <value>-</value>
                </entry>
                <entry>
                    <key>DSingular</key>
                    <value>-</value>
                </entry>
            </fields>
            <userId>admin</userId>
        </version>
    </versions>
</lexEntry>
<lexEntry nextId="1" currentVersion="0" id="53f4832e30043098c7e1aae0">
    <versions>
        <version creatorRole="ADMIN_5" id="0" status="NEW_ENTRY" timeStamp="1408533294394" verification="ACCEPTED">
            <fields>
                <entry>
                    <key>DAspect</key>
                    <value>-</value>
                </entry>
                <entry>
                    <key>RType</key>
                    <value>verb</value>
                </entry>
                <entry>
                    <key>DLemma</key>
                    <value>waschen</value>
                </entry>
                <entry>
                    <key>DSingular</key>
                    <value>-</value>
                </entry>
                <entry>
                    <key>DGender</key>
                    <value>-</value>
                </entry>
                <entry>
                    <key>DType</key>
                    <value>verb</value>
                </entry>
                <entry>
                    <key>RAspect</key>
                    <value>несоверш.в</value>
                </entry>
                <entry>
                    <key>RGender</key>
                    <value>-</value>
                </entry>
                <entry>
                    <key>RSingular</key>
                    <value>-</value>
                </entry>
                <entry>
                    <key>DPlural</key>
                    <value>-</value>
                </entry>
                <entry>
                    <key>RLemma</key>
                    <value>мыть</value>
                </entry>
                <entry>
                    <key>RPlural</key>
                    <value>-</value>
                </entry>
            </fields>
            <userId>admin</userId>
        </version>
    </versions>
</lexEntry>
<lexEntry nextId="1" currentVersion="0" id="53f4832e30043098c7e1aae1">
    <versions>
        <version creatorRole="ADMIN_5" id="0" status="NEW_ENTRY" timeStamp="1408533294394" verification="ACCEPTED">
            <fields>
                <entry>
                    <key>DAspect</key>
                    <value>-</value>
                </entry>
                <entry>
                    <key>RType</key>
                    <value>verb</value>
                </entry>
                <entry>
                    <key>DLemma</key>
                    <value>jagen</value>
                </entry>
                <entry>
                    <key>DSingular</key>
                    <value>-</value>
                </entry>
                <entry>
                    <key>DGender</key>
                    <value>-</value>
                </entry>
                <entry>
                    <key>DType</key>
                    <value>verb</value>
                </entry>
                <entry>
                    <key>RAspect</key>
                    <value>несоверш.в</value>
                </entry>
                <entry>
                    <key>RGender</key>
                    <value>-</value>
                </entry>
                <entry>
                    <key>RSingular</key>
                    <value>-</value>
                </entry>
                <entry>
                    <key>DPlural</key>
                    <value>-</value>
                </entry>
                <entry>
                    <key>RLemma</key>
                    <value>охотиться</value>
                </entry>
                <entry>
                    <key>RPlural</key>
                    <value>-</value>
                </entry>
            </fields>
            <userId>admin</userId>
        </version>
    </versions>
</lexEntry>
<lexEntry nextId="1" currentVersion="0" id="53f4832e30043098c7e1aae2">
    <versions>
        <version creatorRole="ADMIN_5" id="0" status="NEW_ENTRY" timeStamp="1408533294394" verification="ACCEPTED">
            <fields>
                <entry>
                    <key>DAspect</key>
                    <value>-</value>
                </entry>
                <entry>
                    <key>RType</key>
                    <value>verb</value>
                </entry>
                <entry>
                    <key>DLemma</key>
                    <value>sich unterhalten</value>
                </entry>
                <entry>
                    <key>DSingular</key>
                    <value>-</value>
                </entry>
                <entry>
                    <key>DGender</key>
                    <value>-</value>
                </entry>
                <entry>
                    <key>DType</key>
                    <value>verb</value>
                </entry>
                <entry>
                    <key>RAspect</key>
                    <value>несоверш.в</value>
                </entry>
                <entry>
                    <key>RGender</key>
                    <value>-</value>
                </entry>
                <entry>
                    <key>RSingular</key>
                    <value>-</value>
                </entry>
                <entry>
                    <key>DPlural</key>
                    <value>-</value>
                </entry>
                <entry>
                    <key>RLemma</key>
                    <value>общаться</value>
                </entry>
                <entry>
                    <key>RPlural</key>
                    <value>-</value>
                </entry>
            </fields>
            <userId>admin</userId>
        </version>
    </versions>
</lexEntry>
<lexEntry nextId="1" currentVersion="0" id="53f4832e30043098c7e1aae3">
    <versions>
        <version creatorRole="ADMIN_5" id="0" status="NEW_ENTRY" timeStamp="1408533294394" verification="ACCEPTED">
            <fields>
                <entry>
                    <key>DAspect</key>
                    <value>-</value>
                </entry>
                <entry>
                    <key>RType</key>
                    <value>verb</value>
                </entry>
                <entry>
                    <key>DLemma</key>
                    <value>sich unterhalten</value>
                </entry>
                <entry>
                    <key>DSingular</key>
                    <value>-</value>
                </entry>
                <entry>
                    <key>DGender</key>
                    <value>-</value>
                </entry>
                <entry>
                    <key>DType</key>
                    <value>verb</value>
                </entry>
                <entry>
                    <key>RAspect</key>
                    <value>несоверш.в</value>
                </entry>
                <entry>
                    <key>RGender</key>
                    <value>-</value>
                </entry>
                <entry>
                    <key>RSingular</key>
                    <value>-</value>
                </entry>
                <entry>
                    <key>DPlural</key>
                    <value>-</value>
                </entry>
                <entry>
                    <key>RLemma</key>
                    <value>беседовать</value>
                </entry>
                <entry>
                    <key>RPlural</key>
                    <value>-</value>
                </entry>
            </fields>
            <userId>admin</userId>
        </version>
    </versions>
</lexEntry>
<lexEntry nextId="1" currentVersion="0" id="53f4832e30043098c7e1aae4">
    <versions>
        <version creatorRole="ADMIN_5" id="0" status="NEW_ENTRY" timeStamp="1408533294394" verification="ACCEPTED">
            <fields>
                <entry>
                    <key>DAspect</key>
                    <value>-</value>
                </entry>
                <entry>
                    <key>RType</key>
                    <value>verb</value>
                </entry>
                <entry>
                    <key>DLemma</key>
                    <value>rauchen</value>
                </entry>
                <entry>
                    <key>DSingular</key>
                    <value>-</value>
                </entry>
                <entry>
                    <key>DGender</key>
                    <value>-</value>
                </entry>
                <entry>
                    <key>DType</key>
                    <value>verb</value>
                </entry>
                <entry>
                    <key>RAspect</key>
                    <value>несоверш.в</value>
                </entry>
                <entry>
                    <key>RGender</key>
                    <value>-</value>
                </entry>
                <entry>
                    <key>RSingular</key>
                    <value>-</value>
                </entry>
                <entry>
                    <key>DPlural</key>
                    <value>-</value>
                </entry>
                <entry>
                    <key>RLemma</key>
                    <value>курить</value>
                </entry>
                <entry>
                    <key>RPlural</key>
                    <value>-</value>
                </entry>
            </fields>
            <userId>admin</userId>
        </version>
    </versions>
</lexEntry>
<lexEntry nextId="1" currentVersion="0" id="53f4832e30043098c7e1aae5">
    <versions>
        <version creatorRole="ADMIN_5" id="0" status="NEW_ENTRY" timeStamp="1408533294394" verification="ACCEPTED">
            <fields>
                <entry>
                    <key>DAspect</key>
                    <value>-</value>
                </entry>
                <entry>
                    <key>RType</key>
                    <value>verb</value>
                </entry>
                <entry>
                    <key>DLemma</key>
                    <value>durchgehen</value>
                </entry>
                <entry>
                    <key>DSingular</key>
                    <value>-</value>
                </entry>
                <entry>
                    <key>DGender</key>
                    <value>-</value>
                </entry>
                <entry>
                    <key>DType</key>
                    <value>verb</value>
                </entry>
                <entry>
                    <key>RAspect</key>
                    <value>соверш.в</value>
                </entry>
                <entry>
                    <key>RGender</key>
                    <value>-</value>
                </entry>
                <entry>
                    <key>RSingular</key>
                    <value>-</value>
                </entry>
                <entry>
                    <key>DPlural</key>
                    <value>-</value>
                </entry>
                <entry>
                    <key>RLemma</key>
                    <value>пройти</value>
                </entry>
                <entry>
                    <key>RPlural</key>
                    <value>-</value>
                </entry>
            </fields>
            <userId>admin</userId>
        </version>
    </versions>
</lexEntry>
<lexEntry nextId="1" currentVersion="0" id="53f4832e30043098c7e1aae6">
    <versions>
        <version creatorRole="ADMIN_5" id="0" status="NEW_ENTRY" timeStamp="1408533294394" verification="ACCEPTED">
            <fields>
                <entry>
                    <key>DAspect</key>
                    <value>-</value>
                </entry>
                <entry>
                    <key>RType</key>
                    <value>verb</value>
                </entry>
                <entry>
                    <key>DLemma</key>
                    <value>hierherkommen</value>
                </entry>
                <entry>
                    <key>DSingular</key>
                    <value>-</value>
                </entry>
                <entry>
                    <key>DGender</key>
                    <value>-</value>
                </entry>
                <entry>
                    <key>DType</key>
                    <value>verb</value>
                </entry>
                <entry>
                    <key>RAspect</key>
                    <value>соверш.в</value>
                </entry>
                <entry>
                    <key>RGender</key>
                    <value>-</value>
                </entry>
                <entry>
                    <key>RSingular</key>
                    <value>-</value>
                </entry>
                <entry>
                    <key>DPlural</key>
                    <value>-</value>
                </entry>
                <entry>
                    <key>RLemma</key>
                    <value>прийти</value>
                </entry>
                <entry>
                    <key>RPlural</key>
                    <value>-</value>
                </entry>
            </fields>
            <userId>admin</userId>
        </version>
    </versions>
</lexEntry>
<lexEntry nextId="1" currentVersion="0" id="53f4832e30043098c7e1aae7">
    <versions>
        <version creatorRole="ADMIN_5" id="0" status="NEW_ENTRY" timeStamp="1408533294394" verification="ACCEPTED">
            <fields>
                <entry>
                    <key>DAspect</key>
                    <value>-</value>
                </entry>
                <entry>
                    <key>RType</key>
                    <value>verb</value>
                </entry>
                <entry>
                    <key>DLemma</key>
                    <value>gehen</value>
                </entry>
                <entry>
                    <key>DSingular</key>
                    <value>-</value>
                </entry>
                <entry>
                    <key>DGender</key>
                    <value>-</value>
                </entry>
                <entry>
                    <key>DType</key>
                    <value>verb</value>
                </entry>
                <entry>
                    <key>RAspect</key>
                    <value>несоверш.в</value>
                </entry>
                <entry>
                    <key>RGender</key>
                    <value>-</value>
                </entry>
                <entry>
                    <key>RSingular</key>
                    <value>-</value>
                </entry>
                <entry>
                    <key>DPlural</key>
                    <value>-</value>
                </entry>
                <entry>
                    <key>RLemma</key>
                    <value>ходить</value>
                </entry>
                <entry>
                    <key>RPlural</key>
                    <value>-</value>
                </entry>
            </fields>
            <userId>admin</userId>
        </version>
    </versions>
</lexEntry>
<lexEntry nextId="1" currentVersion="0" id="53f4832e30043098c7e1aae8">
    <versions>
        <version creatorRole="ADMIN_5" id="0" status="NEW_ENTRY" timeStamp="1408533294395" verification="ACCEPTED">
            <fields>
                <entry>
                    <key>DAspect</key>
                    <value>-</value>
                </entry>
                <entry>
                    <key>RType</key>
                    <value>verb</value>
                </entry>
                <entry>
                    <key>DLemma</key>
                    <value>gehen</value>
                </entry>
                <entry>
                    <key>DSingular</key>
                    <value>-</value>
                </entry>
                <entry>
                    <key>DGender</key>
                    <value>-</value>
                </entry>
                <entry>
                    <key>DType</key>
                    <value>verb</value>
                </entry>
                <entry>
                    <key>RAspect</key>
                    <value>несоверш.в</value>
                </entry>
                <entry>
                    <key>RGender</key>
                    <value>-</value>
                </entry>
                <entry>
                    <key>RSingular</key>
                    <value>-</value>
                </entry>
                <entry>
                    <key>DPlural</key>
                    <value>-</value>
                </entry>
                <entry>
                    <key>RLemma</key>
                    <value>идти</value>
                </entry>
                <entry>
                    <key>RPlural</key>
                    <value>-</value>
                </entry>
            </fields>
            <userId>admin</userId>
        </version>
    </versions>
</lexEntry>
<lexEntry nextId="1" currentVersion="0" id="53f4832e30043098c7e1aae9">
    <versions>
        <version creatorRole="ADMIN_5" id="0" status="NEW_ENTRY" timeStamp="1408533294395" verification="ACCEPTED">
            <fields>
                <entry>
                    <key>DAspect</key>
                    <value>-</value>
                </entry>
                <entry>
                    <key>RType</key>
                    <value>verb</value>
                </entry>
                <entry>
                    <key>DLemma</key>
                    <value>grillen</value>
                </entry>
                <entry>
                    <key>DSingular</key>
                    <value>-</value>
                </entry>
                <entry>
                    <key>DGender</key>
                    <value>-</value>
                </entry>
                <entry>
                    <key>DType</key>
                    <value>verb</value>
                </entry>
                <entry>
                    <key>RAspect</key>
                    <value>несоверш.в</value>
                </entry>
                <entry>
                    <key>RGender</key>
                    <value>-</value>
                </entry>
                <entry>
                    <key>RSingular</key>
                    <value>-</value>
                </entry>
                <entry>
                    <key>DPlural</key>
                    <value>-</value>
                </entry>
                <entry>
                    <key>RLemma</key>
                    <value>поджаривать</value>
                </entry>
                <entry>
                    <key>RPlural</key>
                    <value>-</value>
                </entry>
            </fields>
            <userId>admin</userId>
        </version>
    </versions>
</lexEntry>
<lexEntry nextId="1" currentVersion="0" id="53f4832e30043098c7e1aaea">
    <versions>
        <version creatorRole="ADMIN_5" id="0" status="NEW_ENTRY" timeStamp="1408533294395" verification="ACCEPTED">
            <fields>
                <entry>
                    <key>DAspect</key>
                    <value>-</value>
                </entry>
                <entry>
                    <key>RType</key>
                    <value>verb</value>
                </entry>
                <entry>
                    <key>DLemma</key>
                    <value>grillen</value>
                </entry>
                <entry>
                    <key>DSingular</key>
                    <value>-</value>
                </entry>
                <entry>
                    <key>DGender</key>
                    <value>-</value>
                </entry>
                <entry>
                    <key>DType</key>
                    <value>verb</value>
                </entry>
                <entry>
                    <key>RAspect</key>
                    <value>несоверш.в</value>
                </entry>
                <entry>
                    <key>RGender</key>
                    <value>-</value>
                </entry>
                <entry>
                    <key>RSingular</key>
                    <value>-</value>
                </entry>
                <entry>
                    <key>DPlural</key>
                    <value>-</value>
                </entry>
                <entry>
                    <key>RLemma</key>
                    <value>поджаривать на гриле</value>
                </entry>
                <entry>
                    <key>RPlural</key>
                    <value>-</value>
                </entry>
            </fields>
            <userId>admin</userId>
        </version>
    </versions>
</lexEntry>
<lexEntry nextId="1" currentVersion="0" id="53f4832e30043098c7e1aaeb">
    <versions>
        <version creatorRole="ADMIN_5" id="0" status="NEW_ENTRY" timeStamp="1408533294395" verification="ACCEPTED">
            <fields>
                <entry>
                    <key>DAspect</key>
                    <value>-</value>
                </entry>
                <entry>
                    <key>RType</key>
                    <value>noun</value>
                </entry>
                <entry>
                    <key>DLemma</key>
                    <value>Ei</value>
                </entry>
                <entry>
                    <key>DSingular</key>
                    <value>Ei</value>
                </entry>
                <entry>
                    <key>DGender</key>
                    <value>neuter</value>
                </entry>
                <entry>
                    <key>DType</key>
                    <value>noun</value>
                </entry>
                <entry>
                    <key>RAspect</key>
                    <value>-</value>
                </entry>
                <entry>
                    <key>RGender</key>
                    <value>neuter</value>
                </entry>
                <entry>
                    <key>RSingular</key>
                    <value>яйцо</value>
                </entry>
                <entry>
                    <key>DPlural</key>
                    <value>Eier</value>
                </entry>
                <entry>
                    <key>RLemma</key>
                    <value>яйцо</value>
                </entry>
                <entry>
                    <key>RPlural</key>
                    <value>яйца</value>
                </entry>
            </fields>
            <userId>admin</userId>
        </version>
    </versions>
</lexEntry>
<lexEntry nextId="1" currentVersion="0" id="53f4832e30043098c7e1aaec">
    <versions>
        <version creatorRole="ADMIN_5" id="0" status="NEW_ENTRY" timeStamp="1408533294395" verification="ACCEPTED">
            <fields>
                <entry>
                    <key>DAspect</key>
                    <value>-</value>
                </entry>
                <entry>
                    <key>RType</key>
                    <value>noun</value>
                </entry>
                <entry>
                    <key>DLemma</key>
                    <value>Butter</value>
                </entry>
                <entry>
                    <key>DSingular</key>
                    <value>Butter</value>
                </entry>
                <entry>
                    <key>DGender</key>
                    <value>feminine</value>
                </entry>
                <entry>
                    <key>DType</key>
                    <value>noun</value>
                </entry>
                <entry>
                    <key>RAspect</key>
                    <value>-</value>
                </entry>
                <entry>
                    <key>RGender</key>
                    <value>neuter</value>
                </entry>
                <entry>
                    <key>RSingular</key>
                    <value>масло</value>
                </entry>
                <entry>
                    <key>DPlural</key>
                    <value>-</value>
                </entry>
                <entry>
                    <key>RLemma</key>
                    <value>масло</value>
                </entry>
                <entry>
                    <key>RPlural</key>
                    <value>масла</value>
                </entry>
            </fields>
            <userId>admin</userId>
        </version>
    </versions>
</lexEntry>
<lexEntry nextId="1" currentVersion="0" id="53f4832e30043098c7e1aaed">
    <versions>
        <version creatorRole="ADMIN_5" id="0" status="NEW_ENTRY" timeStamp="1408533294395" verification="ACCEPTED">
            <fields>
                <entry>
                    <key>DAspect</key>
                    <value>-</value>
                </entry>
                <entry>
                    <key>RType</key>
                    <value>noun</value>
                </entry>
                <entry>
                    <key>DLemma</key>
                    <value>Schickse</value>
                </entry>
                <entry>
                    <key>DSingular</key>
                    <value>Schickse</value>
                </entry>
                <entry>
                    <key>DGender</key>
                    <value>feminine</value>
                </entry>
                <entry>
                    <key>DType</key>
                    <value>noun</value>
                </entry>
                <entry>
                    <key>RAspect</key>
                    <value>-</value>
                </entry>
                <entry>
                    <key>RGender</key>
                    <value>feminine</value>
                </entry>
                <entry>
                    <key>RSingular</key>
                    <value>баба</value>
                </entry>
                <entry>
                    <key>DPlural</key>
                    <value>Schicksen</value>
                </entry>
                <entry>
                    <key>RLemma</key>
                    <value>баба</value>
                </entry>
                <entry>
                    <key>RPlural</key>
                    <value>бабы</value>
                </entry>
            </fields>
            <userId>admin</userId>
        </version>
    </versions>
</lexEntry>
<lexEntry nextId="1" currentVersion="0" id="53f4832e30043098c7e1aaee">
    <versions>
        <version creatorRole="ADMIN_5" id="0" status="NEW_ENTRY" timeStamp="1408533294395" verification="ACCEPTED">
            <fields>
                <entry>
                    <key>DAspect</key>
                    <value>-</value>
                </entry>
                <entry>
                    <key>RType</key>
                    <value>noun</value>
                </entry>
                <entry>
                    <key>DLemma</key>
                    <value>Nase</value>
                </entry>
                <entry>
                    <key>DSingular</key>
                    <value>Nase</value>
                </entry>
                <entry>
                    <key>DGender</key>
                    <value>feminine</value>
                </entry>
                <entry>
                    <key>DType</key>
                    <value>noun</value>
                </entry>
                <entry>
                    <key>RAspect</key>
                    <value>-</value>
                </entry>
                <entry>
                    <key>RGender</key>
                    <value>masculine</value>
                </entry>
                <entry>
                    <key>RSingular</key>
                    <value>нос</value>
                </entry>
                <entry>
                    <key>DPlural</key>
                    <value>Nasen</value>
                </entry>
                <entry>
                    <key>RLemma</key>
                    <value>нос</value>
                </entry>
                <entry>
                    <key>RPlural</key>
                    <value>носы</value>
                </entry>
            </fields>
            <userId>admin</userId>
        </version>
    </versions>
</lexEntry>
<lexEntry nextId="1" currentVersion="0" id="53f4832e30043098c7e1aaef">
    <versions>
        <version creatorRole="ADMIN_5" id="0" status="NEW_ENTRY" timeStamp="1408533294395" verification="ACCEPTED">
            <fields>
                <entry>
                    <key>DAspect</key>
                    <value>-</value>
                </entry>
                <entry>
                    <key>RType</key>
                    <value>noun</value>
                </entry>
                <entry>
                    <key>DLemma</key>
                    <value>Adler</value>
                </entry>
                <entry>
                    <key>DSingular</key>
                    <value>Adler</value>
                </entry>
                <entry>
                    <key>DGender</key>
                    <value>masculine</value>
                </entry>
                <entry>
                    <key>DType</key>
                    <value>noun</value>
                </entry>
                <entry>
                    <key>RAspect</key>
                    <value>-</value>
                </entry>
                <entry>
                    <key>RGender</key>
                    <value>masculine</value>
                </entry>
                <entry>
                    <key>RSingular</key>
                    <value>орёл</value>
                </entry>
                <entry>
                    <key>DPlural</key>
                    <value>Adler</value>
                </entry>
                <entry>
                    <key>RLemma</key>
                    <value>орёл</value>
                </entry>
                <entry>
                    <key>RPlural</key>
                    <value>орлы</value>
                </entry>
            </fields>
            <userId>admin</userId>
        </version>
    </versions>
</lexEntry>

</entries>
