<?xml version="1.0" encoding="UTF-8"?>

<entries>
<lexEntry nextId="1" currentVersion="0" id="53f4714230041a6975a844f9">
    <versions>
        <version creatorRole="ADMIN_5" id="0" status="NEW_ENTRY" timeStamp="1408528706296" verification="ACCEPTED">
            <fields>
                <entry>
                    <key>DAspect</key>
                    <value>-</value>
                </entry>
                <entry>
                    <key>RType</key>
                    <value>noun</value>
                </entry>
                <entry>
                    <key>DLemma</key>
                    <value>Lauf</value>
                </entry>
                <entry>
                    <key>DSingular</key>
                    <value>Lauf</value>
                </entry>
                <entry>
                    <key>DGender</key>
                    <value>maskuline</value>
                </entry>
                <entry>
                    <key>DType</key>
                    <value>noun</value>
                </entry>
                <entry>
                    <key>RAspect</key>
                    <value>-</value>
                </entry>
                <entry>
                    <key>RGender</key>
                    <value>masculine</value>
                </entry>
                <entry>
                    <key>RSingular</key>
                    <value>бег</value>
                </entry>
                <entry>
                    <key>DPlural</key>
                    <value>Läufe</value>
                </entry>
                <entry>
                    <key>RLemma</key>
                    <value>бег</value>
                </entry>
                <entry>
                    <key>RPlural</key>
                    <value>бега</value>
                </entry>
            </fields>
            <userId>admin</userId>
        </version>
    </versions>
</lexEntry>
<lexEntry nextId="1" currentVersion="0" id="53f4714230041a6975a844fa">
    <versions>
        <version creatorRole="ADMIN_5" id="0" status="NEW_ENTRY" timeStamp="1408528706298" verification="ACCEPTED">
            <fields>
                <entry>
                    <key>DAspect</key>
                    <value>-</value>
                </entry>
                <entry>
                    <key>RType</key>
                    <value>verb</value>
                </entry>
                <entry>
                    <key>DLemma</key>
                    <value>laufen</value>
                </entry>
                <entry>
                    <key>DSingular</key>
                    <value>-</value>
                </entry>
                <entry>
                    <key>DGender</key>
                    <value>-</value>
                </entry>
                <entry>
                    <key>DType</key>
                    <value>verb</value>
                </entry>
                <entry>
                    <key>RAspect</key>
                    <value>несоверш.в</value>
                </entry>
                <entry>
                    <key>RGender</key>
                    <value>-</value>
                </entry>
                <entry>
                    <key>RSingular</key>
                    <value>-</value>
                </entry>
                <entry>
                    <key>DPlural</key>
                    <value>-</value>
                </entry>
                <entry>
                    <key>RLemma</key>
                    <value>бегать</value>
                </entry>
                <entry>
                    <key>RPlural</key>
                    <value>-</value>
                </entry>
            </fields>
            <userId>admin</userId>
        </version>
    </versions>
</lexEntry>
<lexEntry nextId="1" currentVersion="0" id="53f4714230041a6975a844fb">
    <versions>
        <version creatorRole="ADMIN_5" id="0" status="NEW_ENTRY" timeStamp="1408528706298" verification="ACCEPTED">
            <fields>
                <entry>
                    <key>DAspect</key>
                    <value>-</value>
                </entry>
                <entry>
                    <key>RType</key>
                    <value>verb</value>
                </entry>
                <entry>
                    <key>DLemma</key>
                    <value>laufen</value>
                </entry>
                <entry>
                    <key>DSingular</key>
                    <value>-</value>
                </entry>
                <entry>
                    <key>DGender</key>
                    <value>-</value>
                </entry>
                <entry>
                    <key>DType</key>
                    <value>verb</value>
                </entry>
                <entry>
                    <key>RAspect</key>
                    <value>соверш.в</value>
                </entry>
                <entry>
                    <key>RGender</key>
                    <value>-</value>
                </entry>
                <entry>
                    <key>RSingular</key>
                    <value>-</value>
                </entry>
                <entry>
                    <key>DPlural</key>
                    <value>-</value>
                </entry>
                <entry>
                    <key>RLemma</key>
                    <value>бежать</value>
                </entry>
                <entry>
                    <key>RPlural</key>
                    <value>-</value>
                </entry>
            </fields>
            <userId>admin</userId>
        </version>
    </versions>
</lexEntry>
<lexEntry nextId="1" currentVersion="0" id="53f4714230041a6975a844fc">
    <versions>
        <version creatorRole="ADMIN_5" id="0" status="NEW_ENTRY" timeStamp="1408528706298" verification="ACCEPTED">
            <fields>
                <entry>
                    <key>DAspect</key>
                    <value>-</value>
                </entry>
                <entry>
                    <key>RType</key>
                    <value>adverb</value>
                </entry>
                <entry>
                    <key>DLemma</key>
                    <value>laufend</value>
                </entry>
                <entry>
                    <key>DSingular</key>
                    <value>-</value>
                </entry>
                <entry>
                    <key>DGender</key>
                    <value>-</value>
                </entry>
                <entry>
                    <key>DType</key>
                    <value>adverb</value>
                </entry>
                <entry>
                    <key>RAspect</key>
                    <value>-</value>
                </entry>
                <entry>
                    <key>RGender</key>
                    <value>-</value>
                </entry>
                <entry>
                    <key>RSingular</key>
                    <value>-</value>
                </entry>
                <entry>
                    <key>DPlural</key>
                    <value>-</value>
                </entry>
                <entry>
                    <key>RLemma</key>
                    <value>постоянный</value>
                </entry>
                <entry>
                    <key>RPlural</key>
                    <value>-</value>
                </entry>
            </fields>
            <userId>admin</userId>
        </version>
    </versions>
</lexEntry>
<lexEntry nextId="1" currentVersion="0" id="53f4714230041a6975a844fd">
    <versions>
        <version creatorRole="ADMIN_5" id="0" status="NEW_ENTRY" timeStamp="1408528706298" verification="ACCEPTED">
            <fields>
                <entry>
                    <key>DAspect</key>
                    <value>-</value>
                </entry>
                <entry>
                    <key>RType</key>
                    <value>adjective</value>
                </entry>
                <entry>
                    <key>DLemma</key>
                    <value>entlaufen</value>
                </entry>
                <entry>
                    <key>DSingular</key>
                    <value>-</value>
                </entry>
                <entry>
                    <key>DGender</key>
                    <value>-</value>
                </entry>
                <entry>
                    <key>DType</key>
                    <value>adjective</value>
                </entry>
                <entry>
                    <key>RAspect</key>
                    <value>-</value>
                </entry>
                <entry>
                    <key>RGender</key>
                    <value>-</value>
                </entry>
                <entry>
                    <key>RSingular</key>
                    <value>-</value>
                </entry>
                <entry>
                    <key>DPlural</key>
                    <value>-</value>
                </entry>
                <entry>
                    <key>RLemma</key>
                    <value>беглый</value>
                </entry>
                <entry>
                    <key>RPlural</key>
                    <value>-</value>
                </entry>
            </fields>
            <userId>admin</userId>
        </version>
    </versions>
</lexEntry>
<lexEntry nextId="1" currentVersion="0" id="53f4714230041a6975a844fe">
    <versions>
        <version creatorRole="ADMIN_5" id="0" status="NEW_ENTRY" timeStamp="1408528706298" verification="ACCEPTED">
            <fields>
                <entry>
                    <key>DAspect</key>
                    <value>-</value>
                </entry>
                <entry>
                    <key>RType</key>
                    <value>adjective</value>
                </entry>
                <entry>
                    <key>DGender</key>
                    <value>-</value>
                </entry>
                <entry>
                    <key>DType</key>
                    <value>adjective</value>
                </entry>
                <entry>
                    <key>RGender</key>
                    <value>-</value>
                </entry>
                <entry>
                    <key>RSingular</key>
                    <value>-</value>
                </entry>
                <entry>
                    <key>DLemma</key>
                    <value>bitter</value>
                </entry>
                <entry>
                    <key>DPlural</key>
                    <value>-</value>
                </entry>
                <entry>
                    <key>RLemma</key>
                    <value>го́рький</value>
                </entry>
                <entry>
                    <key>RPlural</key>
                    <value>-</value>
                </entry>
                <entry>
                    <key>DSingular</key>
                    <value>-</value>
                </entry>
            </fields>
            <userId>admin</userId>
        </version>
    </versions>
</lexEntry>
<lexEntry nextId="1" currentVersion="0" id="53f4714230041a6975a844ff">
    <versions>
        <version creatorRole="ADMIN_5" id="0" status="NEW_ENTRY" timeStamp="1408528706298" verification="ACCEPTED">
            <fields>
                <entry>
                    <key>DAspect</key>
                    <value>-</value>
                </entry>
                <entry>
                    <key>RType</key>
                    <value>adjective</value>
                </entry>
                <entry>
                    <key>DGender</key>
                    <value>-</value>
                </entry>
                <entry>
                    <key>DType</key>
                    <value>adjective</value>
                </entry>
                <entry>
                    <key>RGender</key>
                    <value>-</value>
                </entry>
                <entry>
                    <key>RSingular</key>
                    <value>-</value>
                </entry>
                <entry>
                    <key>DLemma</key>
                    <value>leicht</value>
                </entry>
                <entry>
                    <key>DPlural</key>
                    <value>-</value>
                </entry>
                <entry>
                    <key>RLemma</key>
                    <value>лёгкий</value>
                </entry>
                <entry>
                    <key>RPlural</key>
                    <value>-</value>
                </entry>
                <entry>
                    <key>DSingular</key>
                    <value>-</value>
                </entry>
            </fields>
            <userId>admin</userId>
        </version>
    </versions>
</lexEntry>
<lexEntry nextId="1" currentVersion="0" id="53f4714230041a6975a84500">
    <versions>
        <version creatorRole="ADMIN_5" id="0" status="NEW_ENTRY" timeStamp="1408528706298" verification="ACCEPTED">
            <fields>
                <entry>
                    <key>DAspect</key>
                    <value>-</value>
                </entry>
                <entry>
                    <key>RType</key>
                    <value>adjective</value>
                </entry>
                <entry>
                    <key>DGender</key>
                    <value>-</value>
                </entry>
                <entry>
                    <key>DType</key>
                    <value>adjective</value>
                </entry>
                <entry>
                    <key>RGender</key>
                    <value>-</value>
                </entry>
                <entry>
                    <key>RSingular</key>
                    <value>-</value>
                </entry>
                <entry>
                    <key>DLemma</key>
                    <value>famos</value>
                </entry>
                <entry>
                    <key>DPlural</key>
                    <value>-</value>
                </entry>
                <entry>
                    <key>RLemma</key>
                    <value>отличный</value>
                </entry>
                <entry>
                    <key>RPlural</key>
                    <value>-</value>
                </entry>
                <entry>
                    <key>DSingular</key>
                    <value>-</value>
                </entry>
            </fields>
            <userId>admin</userId>
        </version>
    </versions>
</lexEntry>
<lexEntry nextId="1" currentVersion="0" id="53f4714230041a6975a84501">
    <versions>
        <version creatorRole="ADMIN_5" id="0" status="NEW_ENTRY" timeStamp="1408528706298" verification="ACCEPTED">
            <fields>
                <entry>
                    <key>DAspect</key>
                    <value>-</value>
                </entry>
                <entry>
                    <key>RType</key>
                    <value>adjective</value>
                </entry>
                <entry>
                    <key>DGender</key>
                    <value>-</value>
                </entry>
                <entry>
                    <key>DType</key>
                    <value>adjective</value>
                </entry>
                <entry>
                    <key>RGender</key>
                    <value>-</value>
                </entry>
                <entry>
                    <key>RSingular</key>
                    <value>-</value>
                </entry>
                <entry>
                    <key>DLemma</key>
                    <value>rigoros</value>
                </entry>
                <entry>
                    <key>DPlural</key>
                    <value>-</value>
                </entry>
                <entry>
                    <key>RLemma</key>
                    <value>строгий</value>
                </entry>
                <entry>
                    <key>RPlural</key>
                    <value>-</value>
                </entry>
                <entry>
                    <key>DSingular</key>
                    <value>-</value>
                </entry>
            </fields>
            <userId>admin</userId>
        </version>
    </versions>
</lexEntry>
<lexEntry nextId="1" currentVersion="0" id="53f4714230041a6975a84502">
    <versions>
        <version creatorRole="ADMIN_5" id="0" status="NEW_ENTRY" timeStamp="1408528706298" verification="ACCEPTED">
            <fields>
                <entry>
                    <key>DAspect</key>
                    <value>-</value>
                </entry>
                <entry>
                    <key>RType</key>
                    <value>adjective</value>
                </entry>
                <entry>
                    <key>DGender</key>
                    <value>-</value>
                </entry>
                <entry>
                    <key>DType</key>
                    <value>adjective</value>
                </entry>
                <entry>
                    <key>RGender</key>
                    <value>-</value>
                </entry>
                <entry>
                    <key>RSingular</key>
                    <value>-</value>
                </entry>
                <entry>
                    <key>DLemma</key>
                    <value>schön</value>
                </entry>
                <entry>
                    <key>DPlural</key>
                    <value>-</value>
                </entry>
                <entry>
                    <key>RLemma</key>
                    <value>красивый</value>
                </entry>
                <entry>
                    <key>RPlural</key>
                    <value>-</value>
                </entry>
                <entry>
                    <key>DSingular</key>
                    <value>-</value>
                </entry>
            </fields>
            <userId>admin</userId>
        </version>
    </versions>
</lexEntry>
<lexEntry nextId="1" currentVersion="0" id="53f4714230041a6975a84503">
    <versions>
        <version creatorRole="ADMIN_5" id="0" status="NEW_ENTRY" timeStamp="1408528706298" verification="ACCEPTED">
            <fields>
                <entry>
                    <key>DAspect</key>
                    <value>-</value>
                </entry>
                <entry>
                    <key>RType</key>
                    <value>adjective</value>
                </entry>
                <entry>
                    <key>DGender</key>
                    <value>-</value>
                </entry>
                <entry>
                    <key>DType</key>
                    <value>adjective</value>
                </entry>
                <entry>
                    <key>RGender</key>
                    <value>-</value>
                </entry>
                <entry>
                    <key>RSingular</key>
                    <value>-</value>
                </entry>
                <entry>
                    <key>DLemma</key>
                    <value>majestätisch</value>
                </entry>
                <entry>
                    <key>DPlural</key>
                    <value>-</value>
                </entry>
                <entry>
                    <key>RLemma</key>
                    <value>величественный</value>
                </entry>
                <entry>
                    <key>RPlural</key>
                    <value>-</value>
                </entry>
                <entry>
                    <key>DSingular</key>
                    <value>-</value>
                </entry>
            </fields>
            <userId>admin</userId>
        </version>
    </versions>
</lexEntry>
<lexEntry nextId="1" currentVersion="0" id="53f4714230041a6975a84504">
    <versions>
        <version creatorRole="ADMIN_5" id="0" status="NEW_ENTRY" timeStamp="1408528706298" verification="ACCEPTED">
            <fields>
                <entry>
                    <key>DAspect</key>
                    <value>-</value>
                </entry>
                <entry>
                    <key>RType</key>
                    <value>adjective</value>
                </entry>
                <entry>
                    <key>DGender</key>
                    <value>-</value>
                </entry>
                <entry>
                    <key>DType</key>
                    <value>adjective</value>
                </entry>
                <entry>
                    <key>RGender</key>
                    <value>-</value>
                </entry>
                <entry>
                    <key>RSingular</key>
                    <value>-</value>
                </entry>
                <entry>
                    <key>DLemma</key>
                    <value>komisch (lächerlich)</value>
                </entry>
                <entry>
                    <key>DPlural</key>
                    <value>-</value>
                </entry>
                <entry>
                    <key>RLemma</key>
                    <value>забавный</value>
                </entry>
                <entry>
                    <key>RPlural</key>
                    <value>-</value>
                </entry>
                <entry>
                    <key>DSingular</key>
                    <value>-</value>
                </entry>
            </fields>
            <userId>admin</userId>
        </version>
    </versions>
</lexEntry>
<lexEntry nextId="1" currentVersion="0" id="53f4714230041a6975a84505">
    <versions>
        <version creatorRole="ADMIN_5" id="0" status="NEW_ENTRY" timeStamp="1408528706298" verification="ACCEPTED">
            <fields>
                <entry>
                    <key>DAspect</key>
                    <value>-</value>
                </entry>
                <entry>
                    <key>RType</key>
                    <value>adjective</value>
                </entry>
                <entry>
                    <key>DGender</key>
                    <value>-</value>
                </entry>
                <entry>
                    <key>DType</key>
                    <value>adjective</value>
                </entry>
                <entry>
                    <key>RGender</key>
                    <value>-</value>
                </entry>
                <entry>
                    <key>RSingular</key>
                    <value>-</value>
                </entry>
                <entry>
                    <key>DLemma</key>
                    <value>laut</value>
                </entry>
                <entry>
                    <key>DPlural</key>
                    <value>-</value>
                </entry>
                <entry>
                    <key>RLemma</key>
                    <value>шумный</value>
                </entry>
                <entry>
                    <key>RPlural</key>
                    <value>-</value>
                </entry>
                <entry>
                    <key>DSingular</key>
                    <value>-</value>
                </entry>
            </fields>
            <userId>admin</userId>
        </version>
    </versions>
</lexEntry>
<lexEntry nextId="1" currentVersion="0" id="53f4714230041a6975a84506">
    <versions>
        <version creatorRole="ADMIN_5" id="0" status="NEW_ENTRY" timeStamp="1408528706298" verification="ACCEPTED">
            <fields>
                <entry>
                    <key>DAspect</key>
                    <value>-</value>
                </entry>
                <entry>
                    <key>RType</key>
                    <value>adjective</value>
                </entry>
                <entry>
                    <key>DGender</key>
                    <value>-</value>
                </entry>
                <entry>
                    <key>DType</key>
                    <value>adjective</value>
                </entry>
                <entry>
                    <key>RGender</key>
                    <value>-</value>
                </entry>
                <entry>
                    <key>RSingular</key>
                    <value>-</value>
                </entry>
                <entry>
                    <key>DLemma</key>
                    <value>gelb</value>
                </entry>
                <entry>
                    <key>DPlural</key>
                    <value>-</value>
                </entry>
                <entry>
                    <key>RLemma</key>
                    <value>жёлтый</value>
                </entry>
                <entry>
                    <key>RPlural</key>
                    <value>-</value>
                </entry>
                <entry>
                    <key>DSingular</key>
                    <value>-</value>
                </entry>
            </fields>
            <userId>admin</userId>
        </version>
    </versions>
</lexEntry>
<lexEntry nextId="1" currentVersion="0" id="53f4714230041a6975a84507">
    <versions>
        <version creatorRole="ADMIN_5" id="0" status="NEW_ENTRY" timeStamp="1408528706298" verification="ACCEPTED">
            <fields>
                <entry>
                    <key>DAspect</key>
                    <value>-</value>
                </entry>
                <entry>
                    <key>RType</key>
                    <value>verb</value>
                </entry>
                <entry>
                    <key>DLemma</key>
                    <value>waschen</value>
                </entry>
                <entry>
                    <key>DSingular</key>
                    <value>-</value>
                </entry>
                <entry>
                    <key>DGender</key>
                    <value>-</value>
                </entry>
                <entry>
                    <key>DType</key>
                    <value>verb</value>
                </entry>
                <entry>
                    <key>RAspect</key>
                    <value>несоверш.в</value>
                </entry>
                <entry>
                    <key>RGender</key>
                    <value>-</value>
                </entry>
                <entry>
                    <key>RSingular</key>
                    <value>-</value>
                </entry>
                <entry>
                    <key>DPlural</key>
                    <value>-</value>
                </entry>
                <entry>
                    <key>RLemma</key>
                    <value>мыть</value>
                </entry>
                <entry>
                    <key>RPlural</key>
                    <value>-</value>
                </entry>
            </fields>
            <userId>admin</userId>
        </version>
    </versions>
</lexEntry>
<lexEntry nextId="1" currentVersion="0" id="53f4714230041a6975a84508">
    <versions>
        <version creatorRole="ADMIN_5" id="0" status="NEW_ENTRY" timeStamp="1408528706298" verification="ACCEPTED">
            <fields>
                <entry>
                    <key>DAspect</key>
                    <value>-</value>
                </entry>
                <entry>
                    <key>RType</key>
                    <value>verb</value>
                </entry>
                <entry>
                    <key>DLemma</key>
                    <value>jagen</value>
                </entry>
                <entry>
                    <key>DSingular</key>
                    <value>-</value>
                </entry>
                <entry>
                    <key>DGender</key>
                    <value>-</value>
                </entry>
                <entry>
                    <key>DType</key>
                    <value>verb</value>
                </entry>
                <entry>
                    <key>RAspect</key>
                    <value>несоверш.в</value>
                </entry>
                <entry>
                    <key>RGender</key>
                    <value>-</value>
                </entry>
                <entry>
                    <key>RSingular</key>
                    <value>-</value>
                </entry>
                <entry>
                    <key>DPlural</key>
                    <value>-</value>
                </entry>
                <entry>
                    <key>RLemma</key>
                    <value>охотиться</value>
                </entry>
                <entry>
                    <key>RPlural</key>
                    <value>-</value>
                </entry>
            </fields>
            <userId>admin</userId>
        </version>
    </versions>
</lexEntry>
<lexEntry nextId="1" currentVersion="0" id="53f4714230041a6975a84509">
    <versions>
        <version creatorRole="ADMIN_5" id="0" status="NEW_ENTRY" timeStamp="1408528706299" verification="ACCEPTED">
            <fields>
                <entry>
                    <key>DAspect</key>
                    <value>-</value>
                </entry>
                <entry>
                    <key>RType</key>
                    <value>verb</value>
                </entry>
                <entry>
                    <key>DLemma</key>
                    <value>sich unterhalten</value>
                </entry>
                <entry>
                    <key>DSingular</key>
                    <value>-</value>
                </entry>
                <entry>
                    <key>DGender</key>
                    <value>-</value>
                </entry>
                <entry>
                    <key>DType</key>
                    <value>verb</value>
                </entry>
                <entry>
                    <key>RAspect</key>
                    <value>несоверш.в</value>
                </entry>
                <entry>
                    <key>RGender</key>
                    <value>-</value>
                </entry>
                <entry>
                    <key>RSingular</key>
                    <value>-</value>
                </entry>
                <entry>
                    <key>DPlural</key>
                    <value>-</value>
                </entry>
                <entry>
                    <key>RLemma</key>
                    <value>общаться</value>
                </entry>
                <entry>
                    <key>RPlural</key>
                    <value>-</value>
                </entry>
            </fields>
            <userId>admin</userId>
        </version>
    </versions>
</lexEntry>
<lexEntry nextId="1" currentVersion="0" id="53f4714230041a6975a8450a">
    <versions>
        <version creatorRole="ADMIN_5" id="0" status="NEW_ENTRY" timeStamp="1408528706299" verification="ACCEPTED">
            <fields>
                <entry>
                    <key>DAspect</key>
                    <value>-</value>
                </entry>
                <entry>
                    <key>RType</key>
                    <value>verb</value>
                </entry>
                <entry>
                    <key>DLemma</key>
                    <value>sich unterhalten</value>
                </entry>
                <entry>
                    <key>DSingular</key>
                    <value>-</value>
                </entry>
                <entry>
                    <key>DGender</key>
                    <value>-</value>
                </entry>
                <entry>
                    <key>DType</key>
                    <value>verb</value>
                </entry>
                <entry>
                    <key>RAspect</key>
                    <value>несоверш.в</value>
                </entry>
                <entry>
                    <key>RGender</key>
                    <value>-</value>
                </entry>
                <entry>
                    <key>RSingular</key>
                    <value>-</value>
                </entry>
                <entry>
                    <key>DPlural</key>
                    <value>-</value>
                </entry>
                <entry>
                    <key>RLemma</key>
                    <value>беседовать</value>
                </entry>
                <entry>
                    <key>RPlural</key>
                    <value>-</value>
                </entry>
            </fields>
            <userId>admin</userId>
        </version>
    </versions>
</lexEntry>
<lexEntry nextId="1" currentVersion="0" id="53f4714230041a6975a8450b">
    <versions>
        <version creatorRole="ADMIN_5" id="0" status="NEW_ENTRY" timeStamp="1408528706299" verification="ACCEPTED">
            <fields>
                <entry>
                    <key>DAspect</key>
                    <value>-</value>
                </entry>
                <entry>
                    <key>RType</key>
                    <value>verb</value>
                </entry>
                <entry>
                    <key>DLemma</key>
                    <value>rauchen</value>
                </entry>
                <entry>
                    <key>DSingular</key>
                    <value>-</value>
                </entry>
                <entry>
                    <key>DGender</key>
                    <value>-</value>
                </entry>
                <entry>
                    <key>DType</key>
                    <value>verb</value>
                </entry>
                <entry>
                    <key>RAspect</key>
                    <value>несоверш.в</value>
                </entry>
                <entry>
                    <key>RGender</key>
                    <value>-</value>
                </entry>
                <entry>
                    <key>RSingular</key>
                    <value>-</value>
                </entry>
                <entry>
                    <key>DPlural</key>
                    <value>-</value>
                </entry>
                <entry>
                    <key>RLemma</key>
                    <value>курить</value>
                </entry>
                <entry>
                    <key>RPlural</key>
                    <value>-</value>
                </entry>
            </fields>
            <userId>admin</userId>
        </version>
    </versions>
</lexEntry>
<lexEntry nextId="1" currentVersion="0" id="53f4714230041a6975a8450c">
    <versions>
        <version creatorRole="ADMIN_5" id="0" status="NEW_ENTRY" timeStamp="1408528706299" verification="ACCEPTED">
            <fields>
                <entry>
                    <key>DAspect</key>
                    <value>-</value>
                </entry>
                <entry>
                    <key>RType</key>
                    <value>verb</value>
                </entry>
                <entry>
                    <key>DLemma</key>
                    <value>durchgehen</value>
                </entry>
                <entry>
                    <key>DSingular</key>
                    <value>-</value>
                </entry>
                <entry>
                    <key>DGender</key>
                    <value>-</value>
                </entry>
                <entry>
                    <key>DType</key>
                    <value>verb</value>
                </entry>
                <entry>
                    <key>RAspect</key>
                    <value>соверш.в</value>
                </entry>
                <entry>
                    <key>RGender</key>
                    <value>-</value>
                </entry>
                <entry>
                    <key>RSingular</key>
                    <value>-</value>
                </entry>
                <entry>
                    <key>DPlural</key>
                    <value>-</value>
                </entry>
                <entry>
                    <key>RLemma</key>
                    <value>пройти</value>
                </entry>
                <entry>
                    <key>RPlural</key>
                    <value>-</value>
                </entry>
            </fields>
            <userId>admin</userId>
        </version>
    </versions>
</lexEntry>
<lexEntry nextId="1" currentVersion="0" id="53f4714230041a6975a8450d">
    <versions>
        <version creatorRole="ADMIN_5" id="0" status="NEW_ENTRY" timeStamp="1408528706299" verification="ACCEPTED">
            <fields>
                <entry>
                    <key>DAspect</key>
                    <value>-</value>
                </entry>
                <entry>
                    <key>RType</key>
                    <value>verb</value>
                </entry>
                <entry>
                    <key>DLemma</key>
                    <value>hierherkommen</value>
                </entry>
                <entry>
                    <key>DSingular</key>
                    <value>-</value>
                </entry>
                <entry>
                    <key>DGender</key>
                    <value>-</value>
                </entry>
                <entry>
                    <key>DType</key>
                    <value>verb</value>
                </entry>
                <entry>
                    <key>RAspect</key>
                    <value>соверш.в</value>
                </entry>
                <entry>
                    <key>RGender</key>
                    <value>-</value>
                </entry>
                <entry>
                    <key>RSingular</key>
                    <value>-</value>
                </entry>
                <entry>
                    <key>DPlural</key>
                    <value>-</value>
                </entry>
                <entry>
                    <key>RLemma</key>
                    <value>прийти</value>
                </entry>
                <entry>
                    <key>RPlural</key>
                    <value>-</value>
                </entry>
            </fields>
            <userId>admin</userId>
        </version>
    </versions>
</lexEntry>
<lexEntry nextId="1" currentVersion="0" id="53f4714230041a6975a8450e">
    <versions>
        <version creatorRole="ADMIN_5" id="0" status="NEW_ENTRY" timeStamp="1408528706299" verification="ACCEPTED">
            <fields>
                <entry>
                    <key>DAspect</key>
                    <value>-</value>
                </entry>
                <entry>
                    <key>RType</key>
                    <value>verb</value>
                </entry>
                <entry>
                    <key>DLemma</key>
                    <value>gehen</value>
                </entry>
                <entry>
                    <key>DSingular</key>
                    <value>-</value>
                </entry>
                <entry>
                    <key>DGender</key>
                    <value>-</value>
                </entry>
                <entry>
                    <key>DType</key>
                    <value>verb</value>
                </entry>
                <entry>
                    <key>RAspect</key>
                    <value>несоверш.в</value>
                </entry>
                <entry>
                    <key>RGender</key>
                    <value>-</value>
                </entry>
                <entry>
                    <key>RSingular</key>
                    <value>-</value>
                </entry>
                <entry>
                    <key>DPlural</key>
                    <value>-</value>
                </entry>
                <entry>
                    <key>RLemma</key>
                    <value>ходить</value>
                </entry>
                <entry>
                    <key>RPlural</key>
                    <value>-</value>
                </entry>
            </fields>
            <userId>admin</userId>
        </version>
    </versions>
</lexEntry>
<lexEntry nextId="1" currentVersion="0" id="53f4714230041a6975a8450f">
    <versions>
        <version creatorRole="ADMIN_5" id="0" status="NEW_ENTRY" timeStamp="1408528706299" verification="ACCEPTED">
            <fields>
                <entry>
                    <key>DAspect</key>
                    <value>-</value>
                </entry>
                <entry>
                    <key>RType</key>
                    <value>verb</value>
                </entry>
                <entry>
                    <key>DLemma</key>
                    <value>gehen</value>
                </entry>
                <entry>
                    <key>DSingular</key>
                    <value>-</value>
                </entry>
                <entry>
                    <key>DGender</key>
                    <value>-</value>
                </entry>
                <entry>
                    <key>DType</key>
                    <value>verb</value>
                </entry>
                <entry>
                    <key>RAspect</key>
                    <value>несоверш.в</value>
                </entry>
                <entry>
                    <key>RGender</key>
                    <value>-</value>
                </entry>
                <entry>
                    <key>RSingular</key>
                    <value>-</value>
                </entry>
                <entry>
                    <key>DPlural</key>
                    <value>-</value>
                </entry>
                <entry>
                    <key>RLemma</key>
                    <value>идти</value>
                </entry>
                <entry>
                    <key>RPlural</key>
                    <value>-</value>
                </entry>
            </fields>
            <userId>admin</userId>
        </version>
    </versions>
</lexEntry>
<lexEntry nextId="1" currentVersion="0" id="53f4714230041a6975a84510">
    <versions>
        <version creatorRole="ADMIN_5" id="0" status="NEW_ENTRY" timeStamp="1408528706299" verification="ACCEPTED">
            <fields>
                <entry>
                    <key>DAspect</key>
                    <value>-</value>
                </entry>
                <entry>
                    <key>RType</key>
                    <value>verb</value>
                </entry>
                <entry>
                    <key>DLemma</key>
                    <value>grillen</value>
                </entry>
                <entry>
                    <key>DSingular</key>
                    <value>-</value>
                </entry>
                <entry>
                    <key>DGender</key>
                    <value>-</value>
                </entry>
                <entry>
                    <key>DType</key>
                    <value>verb</value>
                </entry>
                <entry>
                    <key>RAspect</key>
                    <value>несоверш.в</value>
                </entry>
                <entry>
                    <key>RGender</key>
                    <value>-</value>
                </entry>
                <entry>
                    <key>RSingular</key>
                    <value>-</value>
                </entry>
                <entry>
                    <key>DPlural</key>
                    <value>-</value>
                </entry>
                <entry>
                    <key>RLemma</key>
                    <value>поджаривать</value>
                </entry>
                <entry>
                    <key>RPlural</key>
                    <value>-</value>
                </entry>
            </fields>
            <userId>admin</userId>
        </version>
    </versions>
</lexEntry>
<lexEntry nextId="1" currentVersion="0" id="53f4714230041a6975a84511">
    <versions>
        <version creatorRole="ADMIN_5" id="0" status="NEW_ENTRY" timeStamp="1408528706299" verification="ACCEPTED">
            <fields>
                <entry>
                    <key>DAspect</key>
                    <value>-</value>
                </entry>
                <entry>
                    <key>RType</key>
                    <value>verb</value>
                </entry>
                <entry>
                    <key>DLemma</key>
                    <value>grillen</value>
                </entry>
                <entry>
                    <key>DSingular</key>
                    <value>-</value>
                </entry>
                <entry>
                    <key>DGender</key>
                    <value>-</value>
                </entry>
                <entry>
                    <key>DType</key>
                    <value>verb</value>
                </entry>
                <entry>
                    <key>RAspect</key>
                    <value>несоверш.в</value>
                </entry>
                <entry>
                    <key>RGender</key>
                    <value>-</value>
                </entry>
                <entry>
                    <key>RSingular</key>
                    <value>-</value>
                </entry>
                <entry>
                    <key>DPlural</key>
                    <value>-</value>
                </entry>
                <entry>
                    <key>RLemma</key>
                    <value>поджаривать на гриле</value>
                </entry>
                <entry>
                    <key>RPlural</key>
                    <value>-</value>
                </entry>
            </fields>
            <userId>admin</userId>
        </version>
    </versions>
</lexEntry>
<lexEntry nextId="1" currentVersion="0" id="53f4714230041a6975a84512">
    <versions>
        <version creatorRole="ADMIN_5" id="0" status="NEW_ENTRY" timeStamp="1408528706299" verification="ACCEPTED">
            <fields>
                <entry>
                    <key>DAspect</key>
                    <value>-</value>
                </entry>
                <entry>
                    <key>RType</key>
                    <value>noun</value>
                </entry>
                <entry>
                    <key>DLemma</key>
                    <value>Ei</value>
                </entry>
                <entry>
                    <key>DSingular</key>
                    <value>Ei</value>
                </entry>
                <entry>
                    <key>DGender</key>
                    <value>neuter</value>
                </entry>
                <entry>
                    <key>DType</key>
                    <value>noun</value>
                </entry>
                <entry>
                    <key>RAspect</key>
                    <value>-</value>
                </entry>
                <entry>
                    <key>RGender</key>
                    <value>neuter</value>
                </entry>
                <entry>
                    <key>RSingular</key>
                    <value>яйцо</value>
                </entry>
                <entry>
                    <key>DPlural</key>
                    <value>Eier</value>
                </entry>
                <entry>
                    <key>RLemma</key>
                    <value>яйцо</value>
                </entry>
                <entry>
                    <key>RPlural</key>
                    <value>яйца</value>
                </entry>
            </fields>
            <userId>admin</userId>
        </version>
    </versions>
</lexEntry>
<lexEntry nextId="1" currentVersion="0" id="53f4714230041a6975a84513">
    <versions>
        <version creatorRole="ADMIN_5" id="0" status="NEW_ENTRY" timeStamp="1408528706299" verification="ACCEPTED">
            <fields>
                <entry>
                    <key>DAspect</key>
                    <value>-</value>
                </entry>
                <entry>
                    <key>RType</key>
                    <value>noun</value>
                </entry>
                <entry>
                    <key>DLemma</key>
                    <value>Butter</value>
                </entry>
                <entry>
                    <key>DSingular</key>
                    <value>Butter</value>
                </entry>
                <entry>
                    <key>DGender</key>
                    <value>feminine</value>
                </entry>
                <entry>
                    <key>DType</key>
                    <value>noun</value>
                </entry>
                <entry>
                    <key>RAspect</key>
                    <value>-</value>
                </entry>
                <entry>
                    <key>RGender</key>
                    <value>neuter</value>
                </entry>
                <entry>
                    <key>RSingular</key>
                    <value>масло</value>
                </entry>
                <entry>
                    <key>DPlural</key>
                    <value>-</value>
                </entry>
                <entry>
                    <key>RLemma</key>
                    <value>масло</value>
                </entry>
                <entry>
                    <key>RPlural</key>
                    <value>масла</value>
                </entry>
            </fields>
            <userId>admin</userId>
        </version>
    </versions>
</lexEntry>
<lexEntry nextId="1" currentVersion="0" id="53f4714230041a6975a84514">
    <versions>
        <version creatorRole="ADMIN_5" id="0" status="NEW_ENTRY" timeStamp="1408528706299" verification="ACCEPTED">
            <fields>
                <entry>
                    <key>DAspect</key>
                    <value>-</value>
                </entry>
                <entry>
                    <key>RType</key>
                    <value>noun</value>
                </entry>
                <entry>
                    <key>DLemma</key>
                    <value>Schickse</value>
                </entry>
                <entry>
                    <key>DSingular</key>
                    <value>Schickse</value>
                </entry>
                <entry>
                    <key>DGender</key>
                    <value>feminine</value>
                </entry>
                <entry>
                    <key>DType</key>
                    <value>noun</value>
                </entry>
                <entry>
                    <key>RAspect</key>
                    <value>-</value>
                </entry>
                <entry>
                    <key>RGender</key>
                    <value>feminine</value>
                </entry>
                <entry>
                    <key>RSingular</key>
                    <value>баба</value>
                </entry>
                <entry>
                    <key>DPlural</key>
                    <value>Schicksen</value>
                </entry>
                <entry>
                    <key>RLemma</key>
                    <value>баба</value>
                </entry>
                <entry>
                    <key>RPlural</key>
                    <value>бабы</value>
                </entry>
            </fields>
            <userId>admin</userId>
        </version>
    </versions>
</lexEntry>
<lexEntry nextId="1" currentVersion="0" id="53f4714230041a6975a84515">
    <versions>
        <version creatorRole="ADMIN_5" id="0" status="NEW_ENTRY" timeStamp="1408528706299" verification="ACCEPTED">
            <fields>
                <entry>
                    <key>DAspect</key>
                    <value>-</value>
                </entry>
                <entry>
                    <key>RType</key>
                    <value>noun</value>
                </entry>
                <entry>
                    <key>DLemma</key>
                    <value>Nase</value>
                </entry>
                <entry>
                    <key>DSingular</key>
                    <value>Nase</value>
                </entry>
                <entry>
                    <key>DGender</key>
                    <value>feminine</value>
                </entry>
                <entry>
                    <key>DType</key>
                    <value>noun</value>
                </entry>
                <entry>
                    <key>RAspect</key>
                    <value>-</value>
                </entry>
                <entry>
                    <key>RGender</key>
                    <value>masculine</value>
                </entry>
                <entry>
                    <key>RSingular</key>
                    <value>нос</value>
                </entry>
                <entry>
                    <key>DPlural</key>
                    <value>Nasen</value>
                </entry>
                <entry>
                    <key>RLemma</key>
                    <value>нос</value>
                </entry>
                <entry>
                    <key>RPlural</key>
                    <value>носы</value>
                </entry>
            </fields>
            <userId>admin</userId>
        </version>
    </versions>
</lexEntry>
<lexEntry nextId="1" currentVersion="0" id="53f4714230041a6975a84516">
    <versions>
        <version creatorRole="ADMIN_5" id="0" status="NEW_ENTRY" timeStamp="1408528706299" verification="ACCEPTED">
            <fields>
                <entry>
                    <key>DAspect</key>
                    <value>-</value>
                </entry>
                <entry>
                    <key>RType</key>
                    <value>noun</value>
                </entry>
                <entry>
                    <key>DLemma</key>
                    <value>Adler</value>
                </entry>
                <entry>
                    <key>DSingular</key>
                    <value>Adler</value>
                </entry>
                <entry>
                    <key>DGender</key>
                    <value>masculine</value>
                </entry>
                <entry>
                    <key>DType</key>
                    <value>noun</value>
                </entry>
                <entry>
                    <key>RAspect</key>
                    <value>-</value>
                </entry>
                <entry>
                    <key>RGender</key>
                    <value>masculine</value>
                </entry>
                <entry>
                    <key>RSingular</key>
                    <value>орёл</value>
                </entry>
                <entry>
                    <key>DPlural</key>
                    <value>Adler</value>
                </entry>
                <entry>
                    <key>RLemma</key>
                    <value>орёл</value>
                </entry>
                <entry>
                    <key>RPlural</key>
                    <value>орлы</value>
                </entry>
            </fields>
            <userId>admin</userId>
        </version>
    </versions>
</lexEntry>

</entries>
